mes,operador,segmento,toneladas,tarifa_media_eur_t,espera_media_h,cuota_pct
2024-01,TML Huelva (nosotros),granel_liquido,335405,1.75,5.6,34.1
2024-01,Terminal Guadiana,granel_liquido,238623,1.69,7.1,25.5
2024-01,Puerto Bahía Sur,granel_liquido,239652,1.67,6.6,26.3
2024-01,Terminal Atlántico Norte,granel_liquido,145465,1.58,9.2,16.0
2024-01,TML Huelva (nosotros),granel_solido,222970,3.66,6.7,34.6
2024-01,Terminal Guadiana,granel_solido,163330,3.32,8.1,25.6
2024-01,Puerto Bahía Sur,granel_solido,168702,3.54,6.0,27.7
2024-01,Terminal Atlántico Norte,granel_solido,103281,3.57,8.7,16.2
2024-01,TML Huelva (nosotros),contenedores,57814,10.12,5.6,33.4
2024-01,Terminal Guadiana,contenedores,42716,8.93,7.9,23.9
2024-01,Puerto Bahía Sur,contenedores,47130,10.73,7.3,25.3
2024-01,Terminal Atlántico Norte,contenedores,27972,10.75,9.7,16.2
2024-01,TML Huelva (nosotros),fruta_refrigerada,19440,15.04,6.1,33.5
2024-01,Terminal Guadiana,fruta_refrigerada,13056,14.61,7.8,22.7
2024-01,Puerto Bahía Sur,fruta_refrigerada,15656,14.5,6.8,27.3
2024-01,Terminal Atlántico Norte,fruta_refrigerada,10346,16.46,9.2,16.9
2024-01,TML Huelva (nosotros),ro_ro,30405,8.12,4.5,32.7
2024-01,Terminal Guadiana,ro_ro,20927,7.45,6.5,24.3
2024-01,Puerto Bahía Sur,ro_ro,25719,6.85,6.2,27.4
2024-01,Terminal Atlántico Norte,ro_ro,13432,7.31,8.3,14.9
2024-02,TML Huelva (nosotros),granel_liquido,320375,1.66,7.1,34.5
2024-02,Terminal Guadiana,granel_liquido,226586,1.81,6.5,24.8
2024-02,Puerto Bahía Sur,granel_liquido,250975,1.87,6.5,25.4
2024-02,Terminal Atlántico Norte,granel_liquido,172241,1.55,9.2,17.4
2024-02,TML Huelva (nosotros),granel_solido,200603,3.16,5.2,33.9
2024-02,Terminal Guadiana,granel_solido,155859,3.4,7.9,24.2
2024-02,Puerto Bahía Sur,granel_solido,161074,3.61,6.4,26.5
2024-02,Terminal Atlántico Norte,granel_solido,89732,3.73,9.1,14.9
2024-02,TML Huelva (nosotros),contenedores,61327,9.68,5.9,33.9
2024-02,Terminal Guadiana,contenedores,40327,9.53,6.2,22.4
2024-02,Puerto Bahía Sur,contenedores,46018,10.08,7.1,26.7
2024-02,Terminal Atlántico Norte,contenedores,27893,10.19,9.4,16.2
2024-02,TML Huelva (nosotros),fruta_refrigerada,33284,13.9,5.4,33.7
2024-02,Terminal Guadiana,fruta_refrigerada,24361,15.28,8.4,24.3
2024-02,Puerto Bahía Sur,fruta_refrigerada,25990,15.56,6.2,27.7
2024-02,Terminal Atlántico Norte,fruta_refrigerada,15885,14.48,8.0,16.1
2024-02,TML Huelva (nosotros),ro_ro,32806,7.5,6.4,34.9
2024-02,Terminal Guadiana,ro_ro,21711,7.4,6.4,24.4
2024-02,Puerto Bahía Sur,ro_ro,23829,7.8,6.2,26.4
2024-02,Terminal Atlántico Norte,ro_ro,12514,7.41,8.8,14.1
2024-03,TML Huelva (nosotros),granel_liquido,333376,1.69,6.2,33.9
2024-03,Terminal Guadiana,granel_liquido,251514,1.81,6.5,25.3
2024-03,Puerto Bahía Sur,granel_liquido,245584,1.68,6.4,26.7
2024-03,Terminal Atlántico Norte,granel_liquido,157416,1.85,8.2,15.8
2024-03,TML Huelva (nosotros),granel_solido,206100,3.36,6.5,32.7
2024-03,Terminal Guadiana,granel_solido,134126,3.44,8.1,22.8
2024-03,Puerto Bahía Sur,granel_solido,170296,3.71,6.5,26.8
2024-03,Terminal Atlántico Norte,granel_solido,99618,3.51,9.5,16.8
2024-03,TML Huelva (nosotros),contenedores,60291,8.93,5.3,32.3
2024-03,Terminal Guadiana,contenedores,42879,9.13,7.9,25.0
2024-03,Puerto Bahía Sur,contenedores,43976,10.39,7.0,25.2
2024-03,Terminal Atlántico Norte,contenedores,28408,9.59,8.2,16.5
2024-03,TML Huelva (nosotros),fruta_refrigerada,33731,15.39,5.1,35.1
2024-03,Terminal Guadiana,fruta_refrigerada,24059,15.38,5.2,24.4
2024-03,Puerto Bahía Sur,fruta_refrigerada,24166,13.89,7.3,25.7
2024-03,Terminal Atlántico Norte,fruta_refrigerada,15616,15.52,7.7,16.1
2024-03,TML Huelva (nosotros),ro_ro,32012,7.48,4.8,37.0
2024-03,Terminal Guadiana,ro_ro,21629,7.36,7.9,22.9
2024-03,Puerto Bahía Sur,ro_ro,22007,7.7,6.5,25.2
2024-03,Terminal Atlántico Norte,ro_ro,14831,6.97,8.6,16.5
2024-04,TML Huelva (nosotros),granel_liquido,333561,1.85,6.1,34.3
2024-04,Terminal Guadiana,granel_liquido,240871,1.71,6.8,24.3
2024-04,Puerto Bahía Sur,granel_liquido,272165,1.56,5.1,27.4
2024-04,Terminal Atlántico Norte,granel_liquido,147091,1.68,8.0,14.9
2024-04,TML Huelva (nosotros),granel_solido,211861,3.58,5.4,32.9
2024-04,Terminal Guadiana,granel_solido,137154,3.27,7.6,23.0
2024-04,Puerto Bahía Sur,granel_solido,164771,3.61,5.6,26.5
2024-04,Terminal Atlántico Norte,granel_solido,109698,3.65,8.6,18.0
2024-04,TML Huelva (nosotros),contenedores,62952,10.1,6.4,34.1
2024-04,Terminal Guadiana,contenedores,45808,10.01,7.2,24.6
2024-04,Puerto Bahía Sur,contenedores,47916,10.24,5.7,27.1
2024-04,Terminal Atlántico Norte,contenedores,28460,10.46,7.9,15.5
2024-04,TML Huelva (nosotros),fruta_refrigerada,35566,13.63,5.2,35.5
2024-04,Terminal Guadiana,fruta_refrigerada,22468,14.0,7.9,24.4
2024-04,Puerto Bahía Sur,fruta_refrigerada,26073,15.26,6.8,27.0
2024-04,Terminal Atlántico Norte,fruta_refrigerada,16940,15.36,8.8,18.4
2024-04,TML Huelva (nosotros),ro_ro,29062,7.18,6.8,33.0
2024-04,Terminal Guadiana,ro_ro,20068,7.79,8.4,23.3
2024-04,Puerto Bahía Sur,ro_ro,23339,6.78,6.9,27.2
2024-04,Terminal Atlántico Norte,ro_ro,13052,8.12,10.8,13.9
2024-05,TML Huelva (nosotros),granel_liquido,304479,1.61,5.3,32.2
2024-05,Terminal Guadiana,granel_liquido,226171,1.69,7.8,23.4
2024-05,Puerto Bahía Sur,granel_liquido,253942,1.59,7.4,25.6
2024-05,Terminal Atlántico Norte,granel_liquido,148238,1.65,9.6,15.0
2024-05,TML Huelva (nosotros),granel_solido,214065,3.66,6.1,35.7
2024-05,Terminal Guadiana,granel_solido,154287,3.66,6.8,24.9
2024-05,Puerto Bahía Sur,granel_solido,161281,3.57,7.1,25.9
2024-05,Terminal Atlántico Norte,granel_solido,101735,3.21,9.8,16.1
2024-05,TML Huelva (nosotros),contenedores,62180,9.87,7.3,34.8
2024-05,Terminal Guadiana,contenedores,44563,9.29,7.6,23.8
2024-05,Puerto Bahía Sur,contenedores,50259,9.7,5.7,26.6
2024-05,Terminal Atlántico Norte,contenedores,30092,10.28,8.6,16.2
2024-05,TML Huelva (nosotros),fruta_refrigerada,30854,16.15,7.4,33.1
2024-05,Terminal Guadiana,fruta_refrigerada,22670,14.96,7.2,24.2
2024-05,Puerto Bahía Sur,fruta_refrigerada,24314,14.71,5.0,24.7
2024-05,Terminal Atlántico Norte,fruta_refrigerada,15084,14.46,9.8,16.3
2024-05,TML Huelva (nosotros),ro_ro,30905,8.24,5.4,32.9
2024-05,Terminal Guadiana,ro_ro,20482,7.07,7.4,23.9
2024-05,Puerto Bahía Sur,ro_ro,22788,7.16,5.2,26.5
2024-05,Terminal Atlántico Norte,ro_ro,13774,7.33,9.1,15.3
2024-06,TML Huelva (nosotros),granel_liquido,297956,1.59,4.7,32.9
2024-06,Terminal Guadiana,granel_liquido,214935,1.55,6.8,23.0
2024-06,Puerto Bahía Sur,granel_liquido,245675,1.75,7.5,25.6
2024-06,Terminal Atlántico Norte,granel_liquido,142708,1.59,10.1,15.7
2024-06,TML Huelva (nosotros),granel_solido,198721,3.43,5.0,33.3
2024-06,Terminal Guadiana,granel_solido,154930,3.68,7.5,25.5
2024-06,Puerto Bahía Sur,granel_solido,141086,3.23,6.5,23.9
2024-06,Terminal Atlántico Norte,granel_solido,90105,3.59,9.3,15.3
2024-06,TML Huelva (nosotros),contenedores,54814,10.04,5.8,32.0
2024-06,Terminal Guadiana,contenedores,42809,10.52,7.9,24.3
2024-06,Puerto Bahía Sur,contenedores,46263,10.41,6.1,25.2
2024-06,Terminal Atlántico Norte,contenedores,31235,10.29,10.4,17.3
2024-06,TML Huelva (nosotros),fruta_refrigerada,20699,15.74,5.5,34.7
2024-06,Terminal Guadiana,fruta_refrigerada,14854,15.89,8.7,24.3
2024-06,Puerto Bahía Sur,fruta_refrigerada,16444,14.39,7.4,27.0
2024-06,Terminal Atlántico Norte,fruta_refrigerada,8996,15.47,8.1,14.9
2024-06,TML Huelva (nosotros),ro_ro,30548,7.26,7.6,33.2
2024-06,Terminal Guadiana,ro_ro,22404,7.64,7.9,24.6
2024-06,Puerto Bahía Sur,ro_ro,23937,7.64,7.1,27.8
2024-06,Terminal Atlántico Norte,ro_ro,14592,7.15,9.5,15.8
2024-07,TML Huelva (nosotros),granel_liquido,321021,1.85,6.1,34.7
2024-07,Terminal Guadiana,granel_liquido,251309,1.61,7.7,26.1
2024-07,Puerto Bahía Sur,granel_liquido,244051,1.64,5.7,25.1
2024-07,Terminal Atlántico Norte,granel_liquido,162953,1.66,10.1,16.4
2024-07,TML Huelva (nosotros),granel_solido,211015,3.4,5.4,32.8
2024-07,Terminal Guadiana,granel_solido,160662,3.53,7.1,25.1
2024-07,Puerto Bahía Sur,granel_solido,165557,3.59,7.1,25.5
2024-07,Terminal Atlántico Norte,granel_solido,90823,3.7,9.1,15.3
2024-07,TML Huelva (nosotros),contenedores,61271,9.83,5.1,34.3
2024-07,Terminal Guadiana,contenedores,41647,9.71,6.7,24.1
2024-07,Puerto Bahía Sur,contenedores,48124,9.21,6.0,27.0
2024-07,Terminal Atlántico Norte,contenedores,27615,9.83,9.9,15.6
2024-07,TML Huelva (nosotros),fruta_refrigerada,19120,14.58,4.7,33.4
2024-07,Terminal Guadiana,fruta_refrigerada,15150,14.33,6.3,24.7
2024-07,Puerto Bahía Sur,fruta_refrigerada,15703,15.62,6.7,26.5
2024-07,Terminal Atlántico Norte,fruta_refrigerada,8902,15.12,9.4,15.6
2024-07,TML Huelva (nosotros),ro_ro,31234,7.39,6.9,34.4
2024-07,Terminal Guadiana,ro_ro,19700,7.95,5.9,22.9
2024-07,Puerto Bahía Sur,ro_ro,23895,7.48,6.6,27.6
2024-07,Terminal Atlántico Norte,ro_ro,15649,7.3,8.7,17.3
2024-08,TML Huelva (nosotros),granel_liquido,336338,1.54,7.2,34.8
2024-08,Terminal Guadiana,granel_liquido,211847,1.6,7.2,22.4
2024-08,Puerto Bahía Sur,granel_liquido,238048,1.83,6.9,24.4
2024-08,Terminal Atlántico Norte,granel_liquido,171063,1.85,8.9,17.9
2024-08,TML Huelva (nosotros),granel_solido,199004,3.69,6.8,31.3
2024-08,Terminal Guadiana,granel_solido,143148,3.37,5.8,23.7
2024-08,Puerto Bahía Sur,granel_solido,165109,3.31,5.6,27.2
2024-08,Terminal Atlántico Norte,granel_solido,110360,3.47,8.7,17.9
2024-08,TML Huelva (nosotros),contenedores,58811,10.63,5.7,33.0
2024-08,Terminal Guadiana,contenedores,46424,9.9,7.5,26.5
2024-08,Puerto Bahía Sur,contenedores,47848,10.08,7.4,26.1
2024-08,Terminal Atlántico Norte,contenedores,30052,9.12,9.8,16.4
2024-08,TML Huelva (nosotros),fruta_refrigerada,19985,13.81,7.0,34.2
2024-08,Terminal Guadiana,fruta_refrigerada,13563,13.74,7.2,22.7
2024-08,Puerto Bahía Sur,fruta_refrigerada,16601,15.3,5.6,26.7
2024-08,Terminal Atlántico Norte,fruta_refrigerada,10147,15.92,8.1,16.4
2024-08,TML Huelva (nosotros),ro_ro,31252,6.87,5.4,36.3
2024-08,Terminal Guadiana,ro_ro,20735,7.37,7.6,22.8
2024-08,Puerto Bahía Sur,ro_ro,24996,7.7,7.6,26.5
2024-08,Terminal Atlántico Norte,ro_ro,13855,7.04,8.9,15.1
2024-09,TML Huelva (nosotros),granel_liquido,337262,1.54,5.1,33.9
2024-09,Terminal Guadiana,granel_liquido,223385,1.59,7.6,24.6
2024-09,Puerto Bahía Sur,granel_liquido,240835,1.73,7.5,26.7
2024-09,Terminal Atlántico Norte,granel_liquido,158494,1.81,7.8,16.2
2024-09,TML Huelva (nosotros),granel_solido,215301,3.24,5.5,33.3
2024-09,Terminal Guadiana,granel_solido,152465,3.15,7.0,23.7
2024-09,Puerto Bahía Sur,granel_solido,175127,3.6,8.2,28.7
2024-09,Terminal Atlántico Norte,granel_solido,93427,3.18,7.7,15.5
2024-09,TML Huelva (nosotros),contenedores,63126,10.76,5.6,33.5
2024-09,Terminal Guadiana,contenedores,41579,10.16,7.5,22.6
2024-09,Puerto Bahía Sur,contenedores,44271,9.47,6.3,24.5
2024-09,Terminal Atlántico Norte,contenedores,29166,10.44,8.9,15.9
2024-09,TML Huelva (nosotros),fruta_refrigerada,20924,14.9,4.9,35.5
2024-09,Terminal Guadiana,fruta_refrigerada,14164,14.03,6.9,22.7
2024-09,Puerto Bahía Sur,fruta_refrigerada,16274,15.45,6.4,27.2
2024-09,Terminal Atlántico Norte,fruta_refrigerada,9529,16.09,8.8,16.1
2024-09,TML Huelva (nosotros),ro_ro,30330,6.79,5.6,34.0
2024-09,Terminal Guadiana,ro_ro,20708,7.13,7.1,24.1
2024-09,Puerto Bahía Sur,ro_ro,23234,7.39,7.0,25.0
2024-09,Terminal Atlántico Norte,ro_ro,15280,8.2,8.2,17.2
2024-10,TML Huelva (nosotros),granel_liquido,344097,1.77,5.9,35.2
2024-10,Terminal Guadiana,granel_liquido,230384,1.83,7.1,24.7
2024-10,Puerto Bahía Sur,granel_liquido,250545,1.56,6.2,25.7
2024-10,Terminal Atlántico Norte,granel_liquido,157725,1.74,9.4,16.3
2024-10,TML Huelva (nosotros),granel_solido,202404,3.48,5.4,32.2
2024-10,Terminal Guadiana,granel_solido,144527,3.17,7.1,22.3
2024-10,Puerto Bahía Sur,granel_solido,160571,3.55,5.8,27.0
2024-10,Terminal Atlántico Norte,granel_solido,102478,3.55,9.6,16.2
2024-10,TML Huelva (nosotros),contenedores,56710,10.38,6.5,32.0
2024-10,Terminal Guadiana,contenedores,40897,9.62,7.8,22.7
2024-10,Puerto Bahía Sur,contenedores,46698,9.48,7.6,25.4
2024-10,Terminal Atlántico Norte,contenedores,25376,9.7,7.8,14.6
2024-10,TML Huelva (nosotros),fruta_refrigerada,20551,15.41,5.5,32.7
2024-10,Terminal Guadiana,fruta_refrigerada,14042,14.02,7.1,22.8
2024-10,Puerto Bahía Sur,fruta_refrigerada,15078,16.03,6.5,25.0
2024-10,Terminal Atlántico Norte,fruta_refrigerada,9575,14.21,8.1,16.5
2024-10,TML Huelva (nosotros),ro_ro,30715,7.75,6.0,34.2
2024-10,Terminal Guadiana,ro_ro,22326,8.02,8.6,24.1
2024-10,Puerto Bahía Sur,ro_ro,27071,7.18,6.5,28.8
2024-10,Terminal Atlántico Norte,ro_ro,15234,6.98,8.5,16.7
2024-11,TML Huelva (nosotros),granel_liquido,317360,1.79,5.9,33.4
2024-11,Terminal Guadiana,granel_liquido,229197,1.56,5.8,23.9
2024-11,Puerto Bahía Sur,granel_liquido,267126,1.66,6.7,27.8
2024-11,Terminal Atlántico Norte,granel_liquido,154715,1.78,8.3,15.6
2024-11,TML Huelva (nosotros),granel_solido,206685,3.17,5.2,33.4
2024-11,Terminal Guadiana,granel_solido,162861,3.7,7.5,25.6
2024-11,Puerto Bahía Sur,granel_solido,162108,3.3,5.7,26.5
2024-11,Terminal Atlántico Norte,granel_solido,101406,3.33,8.1,16.2
2024-11,TML Huelva (nosotros),contenedores,58522,9.59,6.4,33.3
2024-11,Terminal Guadiana,contenedores,43326,9.91,6.8,24.0
2024-11,Puerto Bahía Sur,contenedores,45269,9.93,7.6,26.2
2024-11,Terminal Atlántico Norte,contenedores,27861,9.34,10.2,15.2
2024-11,TML Huelva (nosotros),fruta_refrigerada,20418,14.58,6.7,33.6
2024-11,Terminal Guadiana,fruta_refrigerada,14969,14.53,6.9,25.3
2024-11,Puerto Bahía Sur,fruta_refrigerada,15512,14.04,5.8,26.2
2024-11,Terminal Atlántico Norte,fruta_refrigerada,9272,16.47,8.0,15.6
2024-11,TML Huelva (nosotros),ro_ro,31124,6.8,7.5,35.1
2024-11,Terminal Guadiana,ro_ro,21261,6.92,8.9,23.1
2024-11,Puerto Bahía Sur,ro_ro,24654,7.83,6.7,26.7
2024-11,Terminal Atlántico Norte,ro_ro,15695,7.22,9.6,17.2
2024-12,TML Huelva (nosotros),granel_liquido,333702,1.86,6.1,33.8
2024-12,Terminal Guadiana,granel_liquido,220075,1.76,6.6,24.2
2024-12,Puerto Bahía Sur,granel_liquido,256037,1.65,6.6,26.0
2024-12,Terminal Atlántico Norte,granel_liquido,142848,1.87,10.0,15.4
2024-12,TML Huelva (nosotros),granel_solido,226160,3.55,5.7,34.8
2024-12,Terminal Guadiana,granel_solido,134603,3.63,7.6,22.8
2024-12,Puerto Bahía Sur,granel_solido,159000,3.39,4.8,26.7
2024-12,Terminal Atlántico Norte,granel_solido,104650,3.58,9.3,17.0
2024-12,TML Huelva (nosotros),contenedores,62005,9.77,6.2,33.2
2024-12,Terminal Guadiana,contenedores,46043,9.23,6.9,25.2
2024-12,Puerto Bahía Sur,contenedores,46688,10.54,6.3,25.8
2024-12,Terminal Atlántico Norte,contenedores,30233,9.11,8.6,16.5
2024-12,TML Huelva (nosotros),fruta_refrigerada,20423,14.95,5.5,33.8
2024-12,Terminal Guadiana,fruta_refrigerada,15051,13.69,6.5,24.0
2024-12,Puerto Bahía Sur,fruta_refrigerada,15284,16.44,7.5,26.2
2024-12,Terminal Atlántico Norte,fruta_refrigerada,8716,16.2,8.0,14.4
2024-12,TML Huelva (nosotros),ro_ro,31971,7.13,6.3,34.5
2024-12,Terminal Guadiana,ro_ro,23467,7.06,9.0,25.2
2024-12,Puerto Bahía Sur,ro_ro,23155,7.51,6.7,26.7
2024-12,Terminal Atlántico Norte,ro_ro,14140,7.74,8.9,16.5
2025-01,TML Huelva (nosotros),granel_liquido,308765,1.78,6.1,32.5
2025-01,Terminal Guadiana,granel_liquido,226909,1.78,7.5,24.9
2025-01,Puerto Bahía Sur,granel_liquido,231637,1.77,6.5,25.4
2025-01,Terminal Atlántico Norte,granel_liquido,163336,1.64,8.7,16.4
2025-01,TML Huelva (nosotros),granel_solido,212258,3.38,5.8,32.8
2025-01,Terminal Guadiana,granel_solido,154809,3.34,6.5,26.0
2025-01,Puerto Bahía Sur,granel_solido,161516,3.36,7.2,27.4
2025-01,Terminal Atlántico Norte,granel_solido,91338,3.15,9.9,14.8
2025-01,TML Huelva (nosotros),contenedores,61011,10.58,6.2,35.2
2025-01,Terminal Guadiana,contenedores,44444,10.7,8.2,24.4
2025-01,Puerto Bahía Sur,contenedores,45013,9.15,6.1,26.1
2025-01,Terminal Atlántico Norte,contenedores,28001,8.89,9.0,15.1
2025-01,TML Huelva (nosotros),fruta_refrigerada,23279,14.13,5.3,39.6
2025-01,Terminal Guadiana,fruta_refrigerada,16218,16.06,7.1,26.0
2025-01,Puerto Bahía Sur,fruta_refrigerada,12790,13.87,7.3,20.9
2025-01,Terminal Atlántico Norte,fruta_refrigerada,9720,15.41,9.0,16.8
2025-01,TML Huelva (nosotros),ro_ro,33040,7.08,7.0,36.5
2025-01,Terminal Guadiana,ro_ro,22626,7.22,8.7,25.4
2025-01,Puerto Bahía Sur,ro_ro,23529,7.6,6.1,26.8
2025-01,Terminal Atlántico Norte,ro_ro,13456,7.53,7.9,15.7
2025-02,TML Huelva (nosotros),granel_liquido,326496,1.73,5.8,33.6
2025-02,Terminal Guadiana,granel_liquido,201393,1.75,7.4,21.8
2025-02,Puerto Bahía Sur,granel_liquido,244683,1.86,5.9,26.3
2025-02,Terminal Atlántico Norte,granel_liquido,133375,1.77,8.2,14.3
2025-02,TML Huelva (nosotros),granel_solido,228014,3.22,6.3,35.9
2025-02,Terminal Guadiana,granel_solido,151171,3.21,6.5,24.7
2025-02,Puerto Bahía Sur,granel_solido,153627,3.44,5.3,25.5
2025-02,Terminal Atlántico Norte,granel_solido,98807,3.42,9.1,15.3
2025-02,TML Huelva (nosotros),contenedores,62987,8.92,7.0,34.3
2025-02,Terminal Guadiana,contenedores,46711,8.91,7.1,25.1
2025-02,Puerto Bahía Sur,contenedores,50299,9.3,5.7,26.9
2025-02,Terminal Atlántico Norte,contenedores,29453,10.26,9.5,16.7
2025-02,TML Huelva (nosotros),fruta_refrigerada,39785,16.43,6.1,39.8
2025-02,Terminal Guadiana,fruta_refrigerada,21743,14.79,6.7,23.4
2025-02,Puerto Bahía Sur,fruta_refrigerada,19438,14.97,4.8,20.8
2025-02,Terminal Atlántico Norte,fruta_refrigerada,14675,16.38,8.8,15.9
2025-02,TML Huelva (nosotros),ro_ro,31439,7.81,6.6,33.8
2025-02,Terminal Guadiana,ro_ro,21711,7.73,7.4,25.2
2025-02,Puerto Bahía Sur,ro_ro,23443,7.32,7.3,26.6
2025-02,Terminal Atlántico Norte,ro_ro,15965,7.27,9.0,18.6
2025-03,TML Huelva (nosotros),granel_liquido,313463,1.61,6.6,32.9
2025-03,Terminal Guadiana,granel_liquido,238508,1.54,7.8,24.2
2025-03,Puerto Bahía Sur,granel_liquido,232338,1.7,5.6,24.3
2025-03,Terminal Atlántico Norte,granel_liquido,172668,1.85,8.6,17.4
2025-03,TML Huelva (nosotros),granel_solido,222453,3.7,6.3,34.4
2025-03,Terminal Guadiana,granel_solido,142950,3.49,8.2,23.2
2025-03,Puerto Bahía Sur,granel_solido,156103,3.58,5.9,26.3
2025-03,Terminal Atlántico Norte,granel_solido,90397,3.51,8.8,14.4
2025-03,TML Huelva (nosotros),contenedores,60063,10.73,7.8,33.8
2025-03,Terminal Guadiana,contenedores,42606,9.09,7.2,24.5
2025-03,Puerto Bahía Sur,contenedores,42535,9.81,6.1,24.0
2025-03,Terminal Atlántico Norte,contenedores,29562,10.74,9.2,15.9
2025-03,TML Huelva (nosotros),fruta_refrigerada,35285,13.9,4.2,38.2
2025-03,Terminal Guadiana,fruta_refrigerada,22874,15.2,7.8,24.4
2025-03,Puerto Bahía Sur,fruta_refrigerada,21114,15.93,7.7,21.0
2025-03,Terminal Atlántico Norte,fruta_refrigerada,14506,15.38,8.8,15.3
2025-03,TML Huelva (nosotros),ro_ro,29396,6.79,6.9,34.3
2025-03,Terminal Guadiana,ro_ro,22637,7.34,8.0,24.0
2025-03,Puerto Bahía Sur,ro_ro,23463,7.74,6.9,26.8
2025-03,Terminal Atlántico Norte,ro_ro,14339,6.97,9.5,16.7
2025-04,TML Huelva (nosotros),granel_liquido,297969,1.55,6.3,32.4
2025-04,Terminal Guadiana,granel_liquido,221287,1.66,6.9,22.5
2025-04,Puerto Bahía Sur,granel_liquido,230958,1.56,5.7,23.2
2025-04,Terminal Atlántico Norte,granel_liquido,151656,1.68,9.3,16.0
2025-04,TML Huelva (nosotros),granel_solido,222695,3.07,6.5,34.3
2025-04,Terminal Guadiana,granel_solido,127256,3.63,7.5,20.5
2025-04,Puerto Bahía Sur,granel_solido,159829,3.45,6.1,26.3
2025-04,Terminal Atlántico Norte,granel_solido,98355,3.39,8.4,16.0
2025-04,TML Huelva (nosotros),contenedores,64341,10.18,6.0,35.1
2025-04,Terminal Guadiana,contenedores,42937,9.49,7.0,23.7
2025-04,Puerto Bahía Sur,contenedores,43833,8.95,7.5,25.0
2025-04,Terminal Atlántico Norte,contenedores,29274,9.13,8.4,17.1
2025-04,TML Huelva (nosotros),fruta_refrigerada,37986,15.35,5.5,39.2
2025-04,Terminal Guadiana,fruta_refrigerada,23604,14.25,7.1,24.6
2025-04,Puerto Bahía Sur,fruta_refrigerada,19955,15.61,6.4,21.1
2025-04,Terminal Atlántico Norte,fruta_refrigerada,15892,15.22,9.1,16.1
2025-04,TML Huelva (nosotros),ro_ro,31615,7.71,5.8,34.7
2025-04,Terminal Guadiana,ro_ro,21648,7.72,8.2,24.1
2025-04,Puerto Bahía Sur,ro_ro,24447,7.66,7.6,26.3
2025-04,Terminal Atlántico Norte,ro_ro,16203,6.91,8.3,17.4
2025-05,TML Huelva (nosotros),granel_liquido,319355,1.65,6.7,33.5
2025-05,Terminal Guadiana,granel_liquido,214004,1.75,8.5,23.5
2025-05,Puerto Bahía Sur,granel_liquido,269681,1.7,5.9,27.7
2025-05,Terminal Atlántico Norte,granel_liquido,155643,1.78,9.4,16.1
2025-05,TML Huelva (nosotros),granel_solido,213477,3.53,5.8,33.0
2025-05,Terminal Guadiana,granel_solido,154157,3.66,7.8,24.2
2025-05,Puerto Bahía Sur,granel_solido,170001,3.34,7.6,27.4
2025-05,Terminal Atlántico Norte,granel_solido,92613,3.08,10.0,14.8
2025-05,TML Huelva (nosotros),contenedores,61203,10.17,5.4,33.4
2025-05,Terminal Guadiana,contenedores,42814,10.57,7.3,22.9
2025-05,Puerto Bahía Sur,contenedores,43006,10.15,6.5,25.1
2025-05,Terminal Atlántico Norte,contenedores,25143,9.26,8.8,14.2
2025-05,TML Huelva (nosotros),fruta_refrigerada,38022,15.2,6.0,39.2
2025-05,Terminal Guadiana,fruta_refrigerada,21764,15.77,6.9,23.6
2025-05,Puerto Bahía Sur,fruta_refrigerada,20390,14.72,5.8,20.9
2025-05,Terminal Atlántico Norte,fruta_refrigerada,13931,15.06,7.8,15.1
2025-05,TML Huelva (nosotros),ro_ro,33259,8.06,4.6,35.5
2025-05,Terminal Guadiana,ro_ro,21546,8.02,7.3,24.3
2025-05,Puerto Bahía Sur,ro_ro,25085,6.79,5.8,27.2
2025-05,Terminal Atlántico Norte,ro_ro,14095,7.0,9.8,16.0
2025-06,TML Huelva (nosotros),granel_liquido,328778,1.81,5.8,33.2
2025-06,Terminal Guadiana,granel_liquido,220564,1.87,7.7,22.9
2025-06,Puerto Bahía Sur,granel_liquido,218843,1.67,6.1,23.8
2025-06,Terminal Atlántico Norte,granel_liquido,166090,1.56,8.4,16.7
2025-06,TML Huelva (nosotros),granel_solido,213879,3.65,6.2,33.4
2025-06,Terminal Guadiana,granel_solido,145903,3.1,6.5,24.6
2025-06,Puerto Bahía Sur,granel_solido,169538,3.67,6.3,26.3
2025-06,Terminal Atlántico Norte,granel_solido,104495,3.33,8.4,17.6
2025-06,TML Huelva (nosotros),contenedores,62020,9.51,6.2,34.2
2025-06,Terminal Guadiana,contenedores,46486,9.56,6.7,25.4
2025-06,Puerto Bahía Sur,contenedores,47789,10.66,6.7,27.0
2025-06,Terminal Atlántico Norte,contenedores,29560,9.42,9.5,17.2
2025-06,TML Huelva (nosotros),fruta_refrigerada,22955,15.08,6.9,37.5
2025-06,Terminal Guadiana,fruta_refrigerada,13485,16.01,7.8,23.5
2025-06,Puerto Bahía Sur,fruta_refrigerada,11775,15.45,6.3,20.4
2025-06,Terminal Atlántico Norte,fruta_refrigerada,10698,16.27,8.3,17.1
2025-06,TML Huelva (nosotros),ro_ro,28785,7.9,7.0,33.2
2025-06,Terminal Guadiana,ro_ro,22474,7.34,7.2,24.5
2025-06,Puerto Bahía Sur,ro_ro,23573,7.4,7.3,27.1
2025-06,Terminal Atlántico Norte,ro_ro,15518,8.1,7.1,16.4
2025-07,TML Huelva (nosotros),granel_liquido,348285,1.84,6.0,35.4
2025-07,Terminal Guadiana,granel_liquido,231034,1.83,7.6,23.8
2025-07,Puerto Bahía Sur,granel_liquido,253318,1.81,6.8,26.0
2025-07,Terminal Atlántico Norte,granel_liquido,117645,1.61,9.2,12.8
2025-07,TML Huelva (nosotros),granel_solido,211703,3.1,5.1,34.8
2025-07,Terminal Guadiana,granel_solido,137577,3.21,8.3,22.7
2025-07,Puerto Bahía Sur,granel_solido,153537,3.57,6.1,25.5
2025-07,Terminal Atlántico Norte,granel_solido,97265,3.23,8.4,16.1
2025-07,TML Huelva (nosotros),contenedores,51195,9.1,13.2,29.6
2025-07,Terminal Guadiana,contenedores,46973,8.85,7.1,27.0
2025-07,Puerto Bahía Sur,contenedores,46061,9.38,6.0,26.1
2025-07,Terminal Atlántico Norte,contenedores,28183,9.73,9.2,15.0
2025-07,TML Huelva (nosotros),fruta_refrigerada,23391,15.29,5.3,38.7
2025-07,Terminal Guadiana,fruta_refrigerada,14563,16.43,7.1,25.5
2025-07,Puerto Bahía Sur,fruta_refrigerada,13360,16.42,6.4,22.5
2025-07,Terminal Atlántico Norte,fruta_refrigerada,9176,16.1,8.7,15.0
2025-07,TML Huelva (nosotros),ro_ro,30942,7.36,5.1,34.3
2025-07,Terminal Guadiana,ro_ro,20969,7.85,9.4,24.0
2025-07,Puerto Bahía Sur,ro_ro,23785,7.29,5.6,25.3
2025-07,Terminal Atlántico Norte,ro_ro,13836,7.11,9.1,15.6
2025-08,TML Huelva (nosotros),granel_liquido,303080,1.86,5.6,33.3
2025-08,Terminal Guadiana,granel_liquido,232572,1.62,8.7,24.4
2025-08,Puerto Bahía Sur,granel_liquido,228592,1.58,5.4,25.3
2025-08,Terminal Atlántico Norte,granel_liquido,148246,1.66,9.4,16.3
2025-08,TML Huelva (nosotros),granel_solido,210936,3.33,5.5,34.2
2025-08,Terminal Guadiana,granel_solido,132012,3.72,8.1,22.4
2025-08,Puerto Bahía Sur,granel_solido,165412,3.07,5.2,27.4
2025-08,Terminal Atlántico Norte,granel_solido,107489,3.45,8.4,16.5
2025-08,TML Huelva (nosotros),contenedores,55963,8.95,15.1,30.4
2025-08,Terminal Guadiana,contenedores,55571,9.97,7.1,29.6
2025-08,Puerto Bahía Sur,contenedores,44338,9.02,7.1,25.6
2025-08,Terminal Atlántico Norte,contenedores,28070,9.87,9.6,16.2
2025-08,TML Huelva (nosotros),fruta_refrigerada,22884,15.77,7.5,38.4
2025-08,Terminal Guadiana,fruta_refrigerada,14960,15.77,7.3,24.3
2025-08,Puerto Bahía Sur,fruta_refrigerada,12466,15.45,6.6,20.2
2025-08,Terminal Atlántico Norte,fruta_refrigerada,9509,15.51,9.0,15.2
2025-08,TML Huelva (nosotros),ro_ro,31943,7.01,5.0,34.8
2025-08,Terminal Guadiana,ro_ro,21135,6.76,6.6,24.1
2025-08,Puerto Bahía Sur,ro_ro,23215,7.67,5.9,26.1
2025-08,Terminal Atlántico Norte,ro_ro,13820,8.16,9.4,15.3
2025-09,TML Huelva (nosotros),granel_liquido,351932,1.85,5.2,35.3
2025-09,Terminal Guadiana,granel_liquido,228975,1.56,7.3,24.2
2025-09,Puerto Bahía Sur,granel_liquido,247811,1.71,6.3,25.2
2025-09,Terminal Atlántico Norte,granel_liquido,152685,1.66,10.1,16.3
2025-09,TML Huelva (nosotros),granel_solido,220304,3.41,5.8,35.5
2025-09,Terminal Guadiana,granel_solido,158765,3.09,7.3,26.1
2025-09,Puerto Bahía Sur,granel_solido,171983,3.71,7.9,26.5
2025-09,Terminal Atlántico Norte,granel_solido,108654,3.57,11.2,17.5
2025-09,TML Huelva (nosotros),contenedores,48820,10.29,14.5,26.5
2025-09,Terminal Guadiana,contenedores,53608,10.66,7.2,30.3
2025-09,Puerto Bahía Sur,contenedores,45593,10.09,7.4,26.5
2025-09,Terminal Atlántico Norte,contenedores,29775,9.0,9.3,16.3
2025-09,TML Huelva (nosotros),fruta_refrigerada,23310,14.44,6.0,37.1
2025-09,Terminal Guadiana,fruta_refrigerada,13650,16.26,7.5,23.7
2025-09,Puerto Bahía Sur,fruta_refrigerada,13435,15.58,7.4,22.0
2025-09,Terminal Atlántico Norte,fruta_refrigerada,9350,15.84,9.7,15.5
2025-09,TML Huelva (nosotros),ro_ro,32491,7.44,7.0,35.1
2025-09,Terminal Guadiana,ro_ro,21795,7.52,6.8,24.1
2025-09,Puerto Bahía Sur,ro_ro,21739,6.77,6.2,23.6
2025-09,Terminal Atlántico Norte,ro_ro,13747,7.41,9.4,15.1
2025-10,TML Huelva (nosotros),granel_liquido,319687,1.54,5.2,34.2
2025-10,Terminal Guadiana,granel_liquido,247032,1.82,6.8,26.4
2025-10,Puerto Bahía Sur,granel_liquido,252490,1.7,6.2,25.3
2025-10,Terminal Atlántico Norte,granel_liquido,134427,1.79,9.4,14.8
2025-10,TML Huelva (nosotros),granel_solido,211003,3.29,5.6,35.1
2025-10,Terminal Guadiana,granel_solido,154978,3.33,8.0,25.3
2025-10,Puerto Bahía Sur,granel_solido,175937,3.42,5.9,27.7
2025-10,Terminal Atlántico Norte,granel_solido,95648,3.48,7.6,14.9
2025-10,TML Huelva (nosotros),contenedores,49392,10.28,13.9,26.5
2025-10,Terminal Guadiana,contenedores,61952,10.48,8.7,33.9
2025-10,Puerto Bahía Sur,contenedores,43570,9.98,6.4,24.4
2025-10,Terminal Atlántico Norte,contenedores,28086,9.91,8.6,16.0
2025-10,TML Huelva (nosotros),fruta_refrigerada,22545,16.19,6.6,37.5
2025-10,Terminal Guadiana,fruta_refrigerada,15536,15.25,6.5,25.6
2025-10,Puerto Bahía Sur,fruta_refrigerada,13255,14.7,6.1,21.5
2025-10,Terminal Atlántico Norte,fruta_refrigerada,10548,14.6,10.4,16.9
2025-10,TML Huelva (nosotros),ro_ro,31136,6.81,6.3,33.6
2025-10,Terminal Guadiana,ro_ro,20604,8.07,8.3,23.6
2025-10,Puerto Bahía Sur,ro_ro,24874,8.11,6.7,26.7
2025-10,Terminal Atlántico Norte,ro_ro,14866,7.8,9.1,15.8
2025-11,TML Huelva (nosotros),granel_liquido,309729,1.56,6.2,34.0
2025-11,Terminal Guadiana,granel_liquido,203066,1.62,7.1,22.2
2025-11,Puerto Bahía Sur,granel_liquido,261347,1.66,6.9,26.3
2025-11,Terminal Atlántico Norte,granel_liquido,154559,1.71,8.6,15.8
2025-11,TML Huelva (nosotros),granel_solido,219021,3.12,6.0,34.1
2025-11,Terminal Guadiana,granel_solido,167045,3.38,7.6,26.0
2025-11,Puerto Bahía Sur,granel_solido,168007,3.34,7.3,27.2
2025-11,Terminal Atlántico Norte,granel_solido,109137,3.36,9.4,16.8
2025-11,TML Huelva (nosotros),contenedores,44333,10.71,14.8,24.9
2025-11,Terminal Guadiana,contenedores,66157,9.34,8.2,35.2
2025-11,Puerto Bahía Sur,contenedores,42393,9.32,7.0,24.7
2025-11,Terminal Atlántico Norte,contenedores,28373,9.93,9.5,16.5
2025-11,TML Huelva (nosotros),fruta_refrigerada,23257,16.27,7.6,38.5
2025-11,Terminal Guadiana,fruta_refrigerada,14409,15.28,6.8,24.0
2025-11,Puerto Bahía Sur,fruta_refrigerada,12533,13.89,7.6,21.6
2025-11,Terminal Atlántico Norte,fruta_refrigerada,8745,15.79,8.5,15.3
2025-11,TML Huelva (nosotros),ro_ro,32222,6.83,8.2,34.9
2025-11,Terminal Guadiana,ro_ro,21999,7.41,7.6,24.4
2025-11,Puerto Bahía Sur,ro_ro,23789,6.97,7.2,25.7
2025-11,Terminal Atlántico Norte,ro_ro,14493,7.11,8.7,16.9
2025-12,TML Huelva (nosotros),granel_liquido,321380,1.65,5.0,33.8
2025-12,Terminal Guadiana,granel_liquido,230434,1.73,9.5,24.5
2025-12,Puerto Bahía Sur,granel_liquido,243331,1.68,5.7,25.8
2025-12,Terminal Atlántico Norte,granel_liquido,163702,1.75,9.4,17.2
2025-12,TML Huelva (nosotros),granel_solido,221031,3.35,6.5,34.2
2025-12,Terminal Guadiana,granel_solido,150748,3.48,7.5,23.6
2025-12,Puerto Bahía Sur,granel_solido,160878,3.46,6.4,24.9
2025-12,Terminal Atlántico Norte,granel_solido,94933,3.08,7.8,15.5
2025-12,TML Huelva (nosotros),contenedores,41772,9.06,14.0,24.3
2025-12,Terminal Guadiana,contenedores,55124,9.78,7.5,31.1
2025-12,Puerto Bahía Sur,contenedores,46405,10.52,6.2,25.5
2025-12,Terminal Atlántico Norte,contenedores,25116,9.25,9.5,14.4
2025-12,TML Huelva (nosotros),fruta_refrigerada,22872,13.82,7.7,39.7
2025-12,Terminal Guadiana,fruta_refrigerada,13897,14.19,5.9,23.3
2025-12,Puerto Bahía Sur,fruta_refrigerada,11976,15.01,7.5,20.2
2025-12,Terminal Atlántico Norte,fruta_refrigerada,8902,13.83,9.2,15.2
2025-12,TML Huelva (nosotros),ro_ro,33499,7.76,6.2,35.6
2025-12,Terminal Guadiana,ro_ro,22131,7.53,8.4,23.9
2025-12,Puerto Bahía Sur,ro_ro,24059,7.44,6.4,26.3
2025-12,Terminal Atlántico Norte,ro_ro,13317,6.91,8.9,14.4
